{"id":"ca_montreal_stm_suwbay_v1","paths":[{"paint":{"style":"STROKE","strokeWidth":"0.13"},"form":{"formType":"1","x":"0.50","y":"0.50","radius":"0.43"}},{"paint":{"style":"FILL"},"form":{"formType":"2","left":"0.43","top":"0.07","right":"0.57","bottom":"0.74"}},{"paint":{"style":"FILL"},"form":{"formType":"2","left":"0.50","top":"0.37","right":"0.63","bottom":"0.85"},"rotation":{"degrees":"-45", "px":"0.50","py":"0.85"}},{"paint":{"style":"FILL"},"form":{"formType":"2","left":"0.37","top":"0.37","right":"0.50","bottom":"0.85"},"rotation":{"degrees":"+45", "px":"0.50","py":"0.85"}}]}